dataset,method,model,imputation,base_model,F1,missing_perc
poly_binarised_decimalised_synth,mcar,F-Act,,F-Act,0.27384253078712395,0.0
poly_binarised_decimalised_synth,mcar,F-Act,,F-Act,0.2454409815528308,20.0
poly_binarised_decimalised_synth,mcar,F-Act,,F-Act,0.22071380175316513,40.0
poly_binarised_decimalised_synth,mcar,F-Act,,F-Act,0.21961033486577594,50.0
poly_binarised_decimalised_synth,mcar,F-Act,,F-Act,0.20991608305433804,60.0
poly_binarised_decimalised_synth,mcar,F-Act,,F-Act,0.2134206772835371,70.0
poly_binarised_decimalised_synth,mcar,F-Act,,F-Act,0.19247270374327355,80.0
poly_binarised_decimalised_synth,mcar,F-Act,,F-Act,0.1787236092815331,90.0
poly_binarised_decimalised_synth,mcar,F-Act,,F-Act,0.1637619971681932,95.0
poly_binarised_decimalised_synth,mcar,F-Act,,F-Act,0.17198361031679832,98.0
poly_binarised_decimalised_synth,mnar,F-Act,,F-Act,0.2695209251494154,0.0
poly_binarised_decimalised_synth,mnar,F-Act,,F-Act,0.27456707329784213,10.0
poly_binarised_decimalised_synth,mnar,F-Act,,F-Act,0.25858884435748014,20.0
poly_binarised_decimalised_synth,mnar,F-Act,,F-Act,0.26748073160586183,30.000000000000004
poly_binarised_decimalised_synth,mnar,F-Act,,F-Act,0.2603638598875499,40.0
poly_binarised_decimalised_synth,mnar,F-Act,,F-Act,0.26291254863031016,50.0
poly_binarised_decimalised_synth,mnar,F-Act,,F-Act,0.26698125503442566,60.00000000000001
poly_binarised_decimalised_synth,mnar,F-Act,,F-Act,0.2851594888654952,70.0
poly_binarised_decimalised_synth,mnar,F-Act,,F-Act,0.2731503106550154,80.0
poly_binarised_decimalised_synth,mnar,F-Act,,F-Act,0.26226685740469013,90.0
poly_binarised_decimalised_synth,mcar,F-Act,,F-Act,0.1764680900652117,0.0
poly_binarised_decimalised_synth,mcar,F-Act,,F-Act,0.16416414089447015,20.0
poly_binarised_decimalised_synth,mcar,F-Act,,F-Act,0.16548380422110381,40.0
poly_binarised_decimalised_synth,mcar,F-Act,,F-Act,0.17390115515091564,50.0
poly_binarised_decimalised_synth,mcar,F-Act,,F-Act,0.17068328017008177,60.0
poly_binarised_decimalised_synth,mcar,F-Act,,F-Act,0.17634066600326037,70.0
poly_binarised_decimalised_synth,mcar,F-Act,,F-Act,0.17593539885223164,80.0
poly_binarised_decimalised_synth,mcar,F-Act,,F-Act,0.17509683418428917,90.0
poly_binarised_decimalised_synth,mcar,F-Act,,F-Act,0.17022691531581727,95.0
poly_binarised_decimalised_synth,mcar,F-Act,,F-Act,0.16154222378355135,98.0
poly_binarised_decimalised_synth,mnar,F-Act,,F-Act,0.16929163235875988,0.0
poly_binarised_decimalised_synth,mnar,F-Act,,F-Act,0.1641695935403197,10.0
poly_binarised_decimalised_synth,mnar,F-Act,,F-Act,0.1605579997183024,20.0
poly_binarised_decimalised_synth,mnar,F-Act,,F-Act,0.1684367613103136,30.000000000000004
poly_binarised_decimalised_synth,mnar,F-Act,,F-Act,0.17058427789567604,40.0
poly_binarised_decimalised_synth,mnar,F-Act,,F-Act,0.18069467557382782,50.0
poly_binarised_decimalised_synth,mnar,F-Act,,F-Act,0.17501610348899896,60.00000000000001
poly_binarised_decimalised_synth,mnar,F-Act,,F-Act,0.17630119441133063,70.0
poly_binarised_decimalised_synth,mnar,F-Act,,F-Act,0.1691853663974983,80.0
poly_binarised_decimalised_synth,mnar,F-Act,,F-Act,0.17632777560294338,90.0
poly_binarised_decimalised_synth,mcar,F-Act,,F-Act,0.16124494961681723,0.0
poly_binarised_decimalised_synth,mcar,F-Act,,F-Act,0.16179064326827172,20.0
poly_binarised_decimalised_synth,mcar,F-Act,,F-Act,0.16626137197605545,40.0
poly_binarised_decimalised_synth,mcar,F-Act,,F-Act,0.16952948948802798,50.0
poly_binarised_decimalised_synth,mcar,F-Act,,F-Act,0.1622989282259573,60.0
poly_binarised_decimalised_synth,mcar,F-Act,,F-Act,0.16529012013670893,70.0
poly_binarised_decimalised_synth,mcar,F-Act,,F-Act,0.15701000316896402,80.0
poly_binarised_decimalised_synth,mcar,F-Act,,F-Act,0.15496293184437632,90.0
poly_binarised_decimalised_synth,mcar,F-Act,,F-Act,0.16097648327669092,95.0
poly_binarised_decimalised_synth,mcar,F-Act,,F-Act,0.16423996699301463,98.0
poly_binarised_decimalised_synth,mnar,F-Act,,F-Act,0.16349518448755415,0.0
poly_binarised_decimalised_synth,mnar,F-Act,,F-Act,0.17161630650410997,10.0
poly_binarised_decimalised_synth,mnar,F-Act,,F-Act,0.16723722475157907,20.0
poly_binarised_decimalised_synth,mnar,F-Act,,F-Act,0.1503953142710828,30.000000000000004
poly_binarised_decimalised_synth,mnar,F-Act,,F-Act,0.16115894030073744,40.0
poly_binarised_decimalised_synth,mnar,F-Act,,F-Act,0.1622192505005005,50.0
poly_binarised_decimalised_synth,mnar,F-Act,,F-Act,0.15229610749763953,60.00000000000001
poly_binarised_decimalised_synth,mnar,F-Act,,F-Act,0.15834541945903138,70.0
poly_binarised_decimalised_synth,mnar,F-Act,,F-Act,0.16484493005924727,80.0
poly_binarised_decimalised_synth,mnar,F-Act,,F-Act,0.17071589226464048,90.0
finance,mcar,F-Act,,F-Act,0.589050800748752,0.0
finance,mcar,F-Act,,F-Act,0.5605726667341422,20.0
finance,mcar,F-Act,,F-Act,0.5692451472956049,40.0
finance,mcar,F-Act,,F-Act,0.5748395721925134,50.0
finance,mcar,F-Act,,F-Act,0.5441530430474746,60.0
finance,mcar,F-Act,,F-Act,0.5288060263387377,70.0
finance,mcar,F-Act,,F-Act,0.48678640013966484,80.0
finance,mcar,F-Act,,F-Act,0.4540123175182482,90.0
finance,mcar,F-Act,,F-Act,0.40244458473625144,95.0
finance,mcar,F-Act,,F-Act,0.39857841357300855,98.0
finance,mnar,F-Act,,F-Act,0.5881218795234957,0.0
finance,mnar,F-Act,,F-Act,0.5740698935136788,10.0
finance,mnar,F-Act,,F-Act,0.5818469998588723,20.0
finance,mnar,F-Act,,F-Act,0.5792927090493961,30.000000000000004
finance,mnar,F-Act,,F-Act,0.5647141706675041,40.0
finance,mnar,F-Act,,F-Act,0.5823031486017555,50.0
finance,mnar,F-Act,,F-Act,0.5912423693699392,60.00000000000001
finance,mnar,F-Act,,F-Act,0.5592796522556391,70.0
finance,mnar,F-Act,,F-Act,0.5029858522447976,80.0
finance,mnar,F-Act,,F-Act,0.4407296821469357,90.0
USPS,mcar,F-Act,,F-Act,0.9637091929136078,0.0
USPS,mcar,F-Act,,F-Act,0.8935236057612779,20.0
USPS,mcar,F-Act,,F-Act,0.7568460278130195,40.0
USPS,mcar,F-Act,,F-Act,0.6575389839150484,50.0
USPS,mcar,F-Act,,F-Act,0.5359440439951425,60.0
USPS,mcar,F-Act,,F-Act,0.4005660081414612,70.0
USPS,mcar,F-Act,,F-Act,0.24407076630212596,80.0
USPS,mcar,F-Act,,F-Act,0.08040285754939969,90.0
USPS,mcar,F-Act,,F-Act,0.033075458096294655,95.0
USPS,mcar,F-Act,,F-Act,0.016539667586450313,98.0
USPS,mnar,F-Act,,F-Act,0.9530748458427214,0.0
USPS,mnar,F-Act,,F-Act,0.9553298449331578,10.0
USPS,mnar,F-Act,,F-Act,0.9574679875817772,20.0
USPS,mnar,F-Act,,F-Act,0.9609780122343593,30.000000000000004
USPS,mnar,F-Act,,F-Act,0.9607804849577974,40.0
USPS,mnar,F-Act,,F-Act,0.9559181680083578,50.0
USPS,mnar,F-Act,,F-Act,0.95535578391184,60.00000000000001
USPS,mnar,F-Act,,F-Act,0.9575498752084205,70.0
USPS,mnar,F-Act,,F-Act,0.9424012672091181,80.0
USPS,mnar,F-Act,,F-Act,0.6080733725318517,90.0
Isolet,mcar,F-Act,,F-Act,0.9116119708037678,0.0
Isolet,mcar,F-Act,,F-Act,0.858688994820335,20.0
Isolet,mcar,F-Act,,F-Act,0.8524857113778959,40.0
Isolet,mcar,F-Act,,F-Act,0.832667059748714,50.0
Isolet,mcar,F-Act,,F-Act,0.7179577463198819,60.0
Isolet,mcar,F-Act,,F-Act,0.6465482449018255,70.0
Isolet,mcar,F-Act,,F-Act,0.5221114325851319,80.0
Isolet,mcar,F-Act,,F-Act,0.3022860030304331,90.0
Isolet,mcar,F-Act,,F-Act,0.15318251512741643,95.0
Isolet,mcar,F-Act,,F-Act,0.06938013058084737,98.0
Isolet,mnar,F-Act,,F-Act,0.8703659865810359,0.0
Isolet,mnar,F-Act,,F-Act,0.8823675855252778,10.0
Isolet,mnar,F-Act,,F-Act,0.8834252391798201,20.0
Isolet,mnar,F-Act,,F-Act,0.902293935554019,30.000000000000004
Isolet,mnar,F-Act,,F-Act,0.8672544104564759,40.0
Isolet,mnar,F-Act,,F-Act,0.8575486867535396,50.0
Isolet,mnar,F-Act,,F-Act,0.8652746614560115,60.00000000000001
Isolet,mnar,F-Act,,F-Act,0.7967218293272058,70.0
Isolet,mnar,F-Act,,F-Act,0.7008801901003544,80.0
Isolet,mnar,F-Act,,F-Act,0.399273907020334,90.0
Isolet,mcar,F-Act,,F-Act,0.91333119931455,0.0
Isolet,mcar,F-Act,,F-Act,0.8590074158981298,20.0
Isolet,mcar,F-Act,,F-Act,0.8183811808669115,40.0
Isolet,mcar,F-Act,,F-Act,0.7597243803046364,50.0
Isolet,mcar,F-Act,,F-Act,0.7039833859745271,60.0
Isolet,mcar,F-Act,,F-Act,0.597575088956192,70.0
Isolet,mcar,F-Act,,F-Act,0.47287601613478947,80.0
Isolet,mcar,F-Act,,F-Act,0.24462718855113447,90.0
Isolet,mcar,F-Act,,F-Act,0.11049376545796824,95.0
Isolet,mcar,F-Act,,F-Act,0.04619983000219427,98.0
Isolet,mnar,F-Act,,F-Act,0.8983772548342667,0.0
Isolet,mnar,F-Act,,F-Act,0.8718647746792229,10.0
Isolet,mnar,F-Act,,F-Act,0.8848311477289238,20.0
Isolet,mnar,F-Act,,F-Act,0.8779449287102571,30.000000000000004
Isolet,mnar,F-Act,,F-Act,0.88162631879775,40.0
Isolet,mnar,F-Act,,F-Act,0.8550267947256207,50.0
Isolet,mnar,F-Act,,F-Act,0.8438061128173489,60.00000000000001
Isolet,mnar,F-Act,,F-Act,0.7558491218066867,70.0
Isolet,mnar,F-Act,,F-Act,0.6554275314824317,80.0
Isolet,mnar,F-Act,,F-Act,0.43494478561079664,90.0
Isolet,mcar,F-Act,,F-Act,0.9139164140520339,0.0
Isolet,mcar,F-Act,,F-Act,0.8793075404921218,20.0
Isolet,mcar,F-Act,,F-Act,0.7997012819846059,40.0
Isolet,mcar,F-Act,,F-Act,0.7506707609513494,50.0
Isolet,mcar,F-Act,,F-Act,0.6915417349799002,60.0
Isolet,mcar,F-Act,,F-Act,0.6131229881633573,70.0
Isolet,mcar,F-Act,,F-Act,0.46096585864567813,80.0
Isolet,mcar,F-Act,,F-Act,0.2887544285526762,90.0
Isolet,mcar,F-Act,,F-Act,0.09858433901580388,95.0
Isolet,mcar,F-Act,,F-Act,0.058531658313367874,98.0
Isolet,mnar,F-Act,,F-Act,0.8931583543396728,0.0
Isolet,mnar,F-Act,,F-Act,0.8983807663594174,10.0
Isolet,mnar,F-Act,,F-Act,0.922402081110931,20.0
Isolet,mnar,F-Act,,F-Act,0.9219711314549743,30.000000000000004
Isolet,mnar,F-Act,,F-Act,0.8854140305173366,40.0
Isolet,mnar,F-Act,,F-Act,0.8927588150144601,50.0
Isolet,mnar,F-Act,,F-Act,0.8629792759018177,60.00000000000001
Isolet,mnar,F-Act,,F-Act,0.8337772109777878,70.0
Isolet,mnar,F-Act,,F-Act,0.7161420519095644,80.0
Isolet,mnar,F-Act,,F-Act,0.4818613627310177,90.0
COIL20,mcar,F-Act,,F-Act,0.9960887611749681,0.0
COIL20,mcar,F-Act,,F-Act,0.9685954313310724,20.0
COIL20,mcar,F-Act,,F-Act,0.9368396022851859,40.0
COIL20,mcar,F-Act,,F-Act,0.9006359469074986,50.0
COIL20,mcar,F-Act,,F-Act,0.8104424783528981,60.0
COIL20,mcar,F-Act,,F-Act,0.7515074048311726,70.0
COIL20,mcar,F-Act,,F-Act,0.5554331655734966,80.0
COIL20,mcar,F-Act,,F-Act,0.23131175719160282,90.0
COIL20,mcar,F-Act,,F-Act,0.09581942538655296,95.0
COIL20,mcar,F-Act,,F-Act,0.04643165134286619,98.0
COIL20,mnar,F-Act,,F-Act,0.9841956811772685,0.0
COIL20,mnar,F-Act,,F-Act,0.9960788690476191,10.0
COIL20,mnar,F-Act,,F-Act,0.9921462660482625,20.0
COIL20,mnar,F-Act,,F-Act,0.9841527335910417,30.000000000000004
COIL20,mnar,F-Act,,F-Act,0.9841683201058201,40.0
COIL20,mnar,F-Act,,F-Act,0.9921825111749681,50.0
COIL20,mnar,F-Act,,F-Act,0.9919423491379311,60.00000000000001
COIL20,mnar,F-Act,,F-Act,0.9838134248288042,70.0
COIL20,mnar,F-Act,,F-Act,0.9960829741379311,80.0
COIL20,mnar,F-Act,,F-Act,0.9201304635362799,90.0
COIL20,mcar,F-Act,,F-Act,0.9719581328567347,0.0
COIL20,mcar,F-Act,,F-Act,0.9692136262992241,20.0
COIL20,mcar,F-Act,,F-Act,0.9520542084631525,40.0
COIL20,mcar,F-Act,,F-Act,0.8913290402347631,50.0
COIL20,mcar,F-Act,,F-Act,0.8793129074219561,60.0
COIL20,mcar,F-Act,,F-Act,0.7587994447665348,70.0
COIL20,mcar,F-Act,,F-Act,0.5843503778209387,80.0
COIL20,mcar,F-Act,,F-Act,0.284125606693573,90.0
COIL20,mcar,F-Act,,F-Act,0.1368902117970308,95.0
COIL20,mcar,F-Act,,F-Act,0.03695015001192023,98.0
COIL20,mnar,F-Act,,F-Act,0.9804014004676955,0.0
COIL20,mnar,F-Act,,F-Act,0.9881955329153606,10.0
COIL20,mnar,F-Act,,F-Act,0.976346041614384,20.0
COIL20,mnar,F-Act,,F-Act,0.9604145056687925,30.000000000000004
COIL20,mnar,F-Act,,F-Act,0.9681877811094454,40.0
COIL20,mnar,F-Act,,F-Act,0.9764394593772288,50.0
COIL20,mnar,F-Act,,F-Act,0.9678699817223084,60.00000000000001
COIL20,mnar,F-Act,,F-Act,0.9803125,70.0
COIL20,mnar,F-Act,,F-Act,0.9838358350586611,80.0
COIL20,mnar,F-Act,,F-Act,0.9060154313162047,90.0
COIL20,mcar,F-Act,,F-Act,0.9805796467418,0.0
COIL20,mcar,F-Act,,F-Act,0.9525029318940957,20.0
COIL20,mcar,F-Act,,F-Act,0.9289048555379408,40.0
COIL20,mcar,F-Act,,F-Act,0.9122876009739044,50.0
COIL20,mcar,F-Act,,F-Act,0.8741212858868805,60.0
COIL20,mcar,F-Act,,F-Act,0.756471580901445,70.0
COIL20,mcar,F-Act,,F-Act,0.6015894243879543,80.0
COIL20,mcar,F-Act,,F-Act,0.2765890945633209,90.0
COIL20,mcar,F-Act,,F-Act,0.10971263432473204,95.0
COIL20,mcar,F-Act,,F-Act,0.037619301994301996,98.0
COIL20,mnar,F-Act,,F-Act,0.980094581125656,0.0
COIL20,mnar,F-Act,,F-Act,0.9726837841732543,10.0
COIL20,mnar,F-Act,,F-Act,0.9720109169745484,20.0
COIL20,mnar,F-Act,,F-Act,0.9807199758220423,30.000000000000004
COIL20,mnar,F-Act,,F-Act,0.9766060697115384,40.0
COIL20,mnar,F-Act,,F-Act,0.9921875,50.0
COIL20,mnar,F-Act,,F-Act,0.9651745760781086,60.00000000000001
COIL20,mnar,F-Act,,F-Act,0.9680819224552388,70.0
COIL20,mnar,F-Act,,F-Act,0.8959778144634148,80.0
COIL20,mnar,F-Act,,F-Act,0.7883162328063791,90.0
USPS,mcar,F-Act,,F-Act,0.9604545134248995,0.0
USPS,mcar,F-Act,,F-Act,0.9103978241814625,20.0
USPS,mcar,F-Act,,F-Act,0.804379753871509,40.0
USPS,mcar,F-Act,,F-Act,0.7183769160467067,50.0
USPS,mcar,F-Act,,F-Act,0.6193044683556097,60.0
USPS,mcar,F-Act,,F-Act,0.4985507291277829,70.0
USPS,mcar,F-Act,,F-Act,0.3270575286088921,80.0
USPS,mcar,F-Act,,F-Act,0.15135479275550193,90.0
USPS,mcar,F-Act,,F-Act,0.08498695540969399,95.0
USPS,mcar,F-Act,,F-Act,0.03629679107368977,98.0
USPS,mnar,F-Act,,F-Act,0.9564753866280624,0.0
USPS,mnar,F-Act,,F-Act,0.9559450065132115,10.0
USPS,mnar,F-Act,,F-Act,0.9564880862482071,20.0
USPS,mnar,F-Act,,F-Act,0.9615483836331971,30.000000000000004
USPS,mnar,F-Act,,F-Act,0.9537412951320696,40.0
USPS,mnar,F-Act,,F-Act,0.9503562533619664,50.0
USPS,mnar,F-Act,,F-Act,0.9542258862188918,60.00000000000001
USPS,mnar,F-Act,,F-Act,0.9542792221938797,70.0
USPS,mnar,F-Act,,F-Act,0.9265550632672104,80.0
USPS,mnar,F-Act,,F-Act,0.6888110246055241,90.0
USPS,mcar,F-Act,,F-Act,0.9586282008231052,0.0
USPS,mcar,F-Act,,F-Act,0.8986727641191885,20.0
USPS,mcar,F-Act,,F-Act,0.7650660623142951,40.0
USPS,mcar,F-Act,,F-Act,0.6732567165140664,50.0
USPS,mcar,F-Act,,F-Act,0.5605530055736406,60.0
USPS,mcar,F-Act,,F-Act,0.4212443651707199,70.0
USPS,mcar,F-Act,,F-Act,0.27126369038095066,80.0
USPS,mcar,F-Act,,F-Act,0.14015802673175407,90.0
USPS,mcar,F-Act,,F-Act,0.05651115046424737,95.0
USPS,mcar,F-Act,,F-Act,0.02825308854660868,98.0
USPS,mnar,F-Act,,F-Act,0.9553294132119031,0.0
USPS,mnar,F-Act,,F-Act,0.952552439409972,10.0
USPS,mnar,F-Act,,F-Act,0.9553609000613345,20.0
USPS,mnar,F-Act,,F-Act,0.952514984640281,30.000000000000004
USPS,mnar,F-Act,,F-Act,0.9554116477864335,40.0
USPS,mnar,F-Act,,F-Act,0.9571228284863713,50.0
USPS,mnar,F-Act,,F-Act,0.9593024944918179,60.00000000000001
USPS,mnar,F-Act,,F-Act,0.9576337721773405,70.0
USPS,mnar,F-Act,,F-Act,0.9231438437565159,80.0
USPS,mnar,F-Act,,F-Act,0.7532521357435206,90.0
finance,mcar,F-Act,,F-Act,0.5710270660931631,0.0
finance,mcar,F-Act,,F-Act,0.5531562538499593,20.0
finance,mcar,F-Act,,F-Act,0.5728070088435571,40.0
finance,mcar,F-Act,,F-Act,0.5907253189480473,50.0
finance,mcar,F-Act,,F-Act,0.5633578431372549,60.0
finance,mcar,F-Act,,F-Act,0.575098853944971,70.0
finance,mcar,F-Act,,F-Act,0.5400708690929674,80.0
finance,mcar,F-Act,,F-Act,0.5326777717134203,90.0
finance,mcar,F-Act,,F-Act,0.4730084528688525,95.0
finance,mcar,F-Act,,F-Act,0.4558981028151775,98.0
finance,mnar,F-Act,,F-Act,0.5798973047140912,0.0
finance,mnar,F-Act,,F-Act,0.5933317201732689,10.0
finance,mnar,F-Act,,F-Act,0.589051852640545,20.0
finance,mnar,F-Act,,F-Act,0.586480617395994,30.000000000000004
finance,mnar,F-Act,,F-Act,0.5777069014952916,40.0
finance,mnar,F-Act,,F-Act,0.550166872939663,50.0
finance,mnar,F-Act,,F-Act,0.5774413408756192,60.00000000000001
finance,mnar,F-Act,,F-Act,0.4916475804578252,70.0
finance,mnar,F-Act,,F-Act,0.48827184479429586,80.0
finance,mnar,F-Act,,F-Act,0.5388590363345487,90.0
finance,mcar,F-Act,,F-Act,0.6228157625513332,0.0
finance,mcar,F-Act,,F-Act,0.6002327750712173,20.0
finance,mcar,F-Act,,F-Act,0.5934114949002423,40.0
finance,mcar,F-Act,,F-Act,0.5786318545107607,50.0
finance,mcar,F-Act,,F-Act,0.5471416237811484,60.0
finance,mcar,F-Act,,F-Act,0.5472506009615384,70.0
finance,mcar,F-Act,,F-Act,0.5126178136750446,80.0
finance,mcar,F-Act,,F-Act,0.4866932536313904,90.0
finance,mcar,F-Act,,F-Act,0.45151755981991554,95.0
finance,mcar,F-Act,,F-Act,0.4370229457218244,98.0
finance,mnar,F-Act,,F-Act,0.6187813831845324,0.0
finance,mnar,F-Act,,F-Act,0.5996880514500487,10.0
finance,mnar,F-Act,,F-Act,0.5808703910068005,20.0
finance,mnar,F-Act,,F-Act,0.6202933267319043,30.000000000000004
finance,mnar,F-Act,,F-Act,0.5896550640696531,40.0
finance,mnar,F-Act,,F-Act,0.5785264015439129,50.0
finance,mnar,F-Act,,F-Act,0.5488675222689248,60.00000000000001
finance,mnar,F-Act,,F-Act,0.5426983173076922,70.0
finance,mnar,F-Act,,F-Act,0.5442621888977199,80.0
finance,mnar,F-Act,,F-Act,0.41470004857512954,90.0
madelon,mcar,F-Act,,F-Act,0.7402095994567354,0.0
madelon,mcar,F-Act,,F-Act,0.6792911160339165,20.0
madelon,mcar,F-Act,,F-Act,0.6086524497439425,40.0
madelon,mcar,F-Act,,F-Act,0.596362560001378,50.0
madelon,mcar,F-Act,,F-Act,0.5784333775312711,60.0
madelon,mcar,F-Act,,F-Act,0.5523750429511094,70.0
madelon,mcar,F-Act,,F-Act,0.5149302270577105,80.0
madelon,mcar,F-Act,,F-Act,0.44153188961988304,90.0
madelon,mcar,F-Act,,F-Act,0.40654856411891943,95.0
madelon,mcar,F-Act,,F-Act,0.3959462624867702,98.0
madelon,mnar,F-Act,,F-Act,0.7363069986550679,0.0
madelon,mnar,F-Act,,F-Act,0.7402254563488277,20.0
madelon,mnar,F-Act,,F-Act,0.7324188127996933,40.0
madelon,mnar,F-Act,,F-Act,0.736313036135305,50.0
madelon,mnar,F-Act,,F-Act,0.7362929144251131,60.0
madelon,mnar,F-Act,,F-Act,0.7363251075033475,70.0
madelon,mnar,F-Act,,F-Act,0.736323095378435,80.0
madelon,mnar,F-Act,,F-Act,0.73046875,90.0
madelon,mnar,F-Act,,F-Act,0.7324208542665644,95.0
madelon,mnar,F-Act,,F-Act,0.5819355714056801,98.0
madelon,mcar,F-Act,,F-Act,0.7191567327375173,0.0
madelon,mcar,F-Act,,F-Act,0.6562214979718941,20.0
madelon,mcar,F-Act,,F-Act,0.5845140239399573,40.0
madelon,mcar,F-Act,,F-Act,0.5593508824645749,50.0
madelon,mcar,F-Act,,F-Act,0.5333899370571862,60.0
madelon,mcar,F-Act,,F-Act,0.5187109544327067,70.0
madelon,mcar,F-Act,,F-Act,0.4673162744780508,80.0
madelon,mcar,F-Act,,F-Act,0.45587894426100456,90.0
madelon,mcar,F-Act,,F-Act,0.38693576089728565,95.0
madelon,mcar,F-Act,,F-Act,0.3833801686069852,98.0
madelon,mnar,F-Act,,F-Act,0.7193918419126242,0.0
madelon,mnar,F-Act,,F-Act,0.715472284336634,20.0
madelon,mnar,F-Act,,F-Act,0.7150658537668799,40.0
madelon,mnar,F-Act,,F-Act,0.7231670302985538,50.0
madelon,mnar,F-Act,,F-Act,0.715310133256639,60.0
madelon,mnar,F-Act,,F-Act,0.7212832821815562,70.0
madelon,mnar,F-Act,,F-Act,0.7232417942910554,80.0
madelon,mnar,F-Act,,F-Act,0.715310133256639,90.0
madelon,mnar,F-Act,,F-Act,0.7293451351211551,95.0
madelon,mnar,F-Act,,F-Act,0.613996012292243,98.0
mice_protein,mcar,F-Act,,F-Act,0.9396983865908306,0.0
mice_protein,mcar,F-Act,,F-Act,0.7628258601239236,20.0
mice_protein,mcar,F-Act,,F-Act,0.5479542382576227,40.0
mice_protein,mcar,F-Act,,F-Act,0.4302841590061589,50.0
mice_protein,mcar,F-Act,,F-Act,0.37995243994722855,60.0
mice_protein,mcar,F-Act,,F-Act,0.22207238097568285,70.0
mice_protein,mcar,F-Act,,F-Act,0.24241157170865754,80.0
mice_protein,mcar,F-Act,,F-Act,0.1248996324584592,90.0
mice_protein,mcar,F-Act,,F-Act,0.11163289835164836,95.0
mice_protein,mcar,F-Act,,F-Act,0.06452218641580146,98.0
mice_protein,mnar,F-Act,,F-Act,0.9483979804692652,0.0
mice_protein,mnar,F-Act,,F-Act,0.9485702888878588,20.0
mice_protein,mnar,F-Act,,F-Act,0.9533116518759539,40.0
mice_protein,mnar,F-Act,,F-Act,0.9434570406930299,50.0
mice_protein,mnar,F-Act,,F-Act,0.925378543557809,60.0
mice_protein,mnar,F-Act,,F-Act,0.8416710138188256,70.0
mice_protein,mnar,F-Act,,F-Act,0.6965275101395538,80.0
mice_protein,mnar,F-Act,,F-Act,0.3136222840954777,90.0
mice_protein,mnar,F-Act,,F-Act,0.04912478825522304,95.0
mice_protein,mnar,F-Act,,F-Act,0.0373767258382643,98.0
mice_protein,mcar,F-Act,,F-Act,0.9722076768240595,0.0
mice_protein,mcar,F-Act,,F-Act,0.7765013428244674,20.0
mice_protein,mcar,F-Act,,F-Act,0.5966540399256859,40.0
mice_protein,mcar,F-Act,,F-Act,0.4783756110109895,50.0
mice_protein,mcar,F-Act,,F-Act,0.3885777880012848,60.0
mice_protein,mcar,F-Act,,F-Act,0.3238180611565695,70.0
mice_protein,mcar,F-Act,,F-Act,0.22508142498389624,80.0
mice_protein,mcar,F-Act,,F-Act,0.129703683681509,90.0
mice_protein,mcar,F-Act,,F-Act,0.13180897894200647,95.0
mice_protein,mcar,F-Act,,F-Act,0.06390370287494924,98.0
mice_protein,mnar,F-Act,,F-Act,0.9722332849203376,0.0
mice_protein,mnar,F-Act,,F-Act,0.9629061723819787,20.0
mice_protein,mnar,F-Act,,F-Act,0.9534090909090909,40.0
mice_protein,mnar,F-Act,,F-Act,0.9676040061633281,50.0
mice_protein,mnar,F-Act,,F-Act,0.9443002779453793,60.0
mice_protein,mnar,F-Act,,F-Act,0.9538452177189192,70.0
mice_protein,mnar,F-Act,,F-Act,0.8977263602121911,80.0
mice_protein,mnar,F-Act,,F-Act,0.5735459541524565,90.0
mice_protein,mnar,F-Act,,F-Act,0.26080670418852003,95.0
mice_protein,mnar,F-Act,,F-Act,0.06777945634250619,98.0
mice_protein,mcar,F-Act,,F-Act,0.9814758178929752,0.0
mice_protein,mcar,F-Act,,F-Act,0.8087881295653321,20.0
mice_protein,mcar,F-Act,,F-Act,0.5552598885623874,40.0
mice_protein,mcar,F-Act,,F-Act,0.5074806592083014,50.0
mice_protein,mcar,F-Act,,F-Act,0.3834370914410667,60.0
mice_protein,mcar,F-Act,,F-Act,0.2909251788145266,70.0
mice_protein,mcar,F-Act,,F-Act,0.20199915471848215,80.0
mice_protein,mcar,F-Act,,F-Act,0.15186216132801664,90.0
mice_protein,mcar,F-Act,,F-Act,0.11473069013619407,95.0
mice_protein,mcar,F-Act,,F-Act,0.0786307841327587,98.0
mice_protein,mnar,F-Act,,F-Act,0.9861085494998394,0.0
mice_protein,mnar,F-Act,,F-Act,0.9677331824370623,20.0
mice_protein,mnar,F-Act,,F-Act,0.9766967745741332,40.0
mice_protein,mnar,F-Act,,F-Act,0.9674748321448204,50.0
mice_protein,mnar,F-Act,,F-Act,0.9907451699248144,60.0
mice_protein,mnar,F-Act,,F-Act,0.981397751039041,70.0
mice_protein,mnar,F-Act,,F-Act,0.9261446935506723,80.0
mice_protein,mnar,F-Act,,F-Act,0.28739330592778867,90.0
mice_protein,mnar,F-Act,,F-Act,0.04053204859656473,95.0
mice_protein,mnar,F-Act,,F-Act,0.0695835643704385,98.0
PBMC,mcar,F-Act,,F-Act,0.8557425510116965,0.0
PBMC,mcar,F-Act,,F-Act,0.8221030472244204,20.0
PBMC,mcar,F-Act,,F-Act,0.8028709467496653,40.0
PBMC,mcar,F-Act,,F-Act,0.7831578577039753,50.0
PBMC,mcar,F-Act,,F-Act,0.7931018916327319,60.0
PBMC,mcar,F-Act,,F-Act,0.7884224190049433,70.0
PBMC,mcar,F-Act,,F-Act,0.7163527103458455,80.0
PBMC,mcar,F-Act,,F-Act,0.6971223856235298,90.0
PBMC,mcar,F-Act,,F-Act,0.5564626504993477,95.0
PBMC,mcar,F-Act,,F-Act,0.5721252749284785,98.0
PBMC,mnar,F-Act,,F-Act,0.8460684314297714,0.0
PBMC,mnar,F-Act,,F-Act,0.8315944873129878,20.0
PBMC,mnar,F-Act,,F-Act,0.8556891544654106,40.0
PBMC,mnar,F-Act,,F-Act,0.8315944873129878,50.0
PBMC,mnar,F-Act,,F-Act,0.8218558674264623,60.0
PBMC,mnar,F-Act,,F-Act,0.8124349545549158,70.0
PBMC,mnar,F-Act,,F-Act,0.7979648162515749,80.0
PBMC,mnar,F-Act,,F-Act,0.7883440932159356,90.0
PBMC,mnar,F-Act,,F-Act,0.7737088045687494,95.0
PBMC,mnar,F-Act,,F-Act,0.7479003359462487,98.0
PBMC,mcar,F-Act,,F-Act,0.9034710761514885,0.0
PBMC,mcar,F-Act,,F-Act,0.88429427715142,20.0
PBMC,mcar,F-Act,,F-Act,0.82644141572713,40.0
PBMC,mcar,F-Act,,F-Act,0.8064024936405001,50.0
PBMC,mcar,F-Act,,F-Act,0.7980769230769231,60.0
PBMC,mcar,F-Act,,F-Act,0.7787233701802964,70.0
PBMC,mcar,F-Act,,F-Act,0.7162477881614397,80.0
PBMC,mcar,F-Act,,F-Act,0.6971223856235298,90.0
PBMC,mcar,F-Act,,F-Act,0.5912044405715657,95.0
PBMC,mcar,F-Act,,F-Act,0.5624696622980376,98.0
PBMC,mnar,F-Act,,F-Act,0.9131239685363397,0.0
PBMC,mnar,F-Act,,F-Act,0.90357856429285,20.0
PBMC,mnar,F-Act,,F-Act,0.8990034370680315,40.0
PBMC,mnar,F-Act,,F-Act,0.8509649834020543,50.0
PBMC,mnar,F-Act,,F-Act,0.8118785202698005,60.0
PBMC,mnar,F-Act,,F-Act,0.7529648274936231,70.0
PBMC,mnar,F-Act,,F-Act,0.7085780402170444,80.0
PBMC,mnar,F-Act,,F-Act,0.60302734375,90.0
PBMC,mnar,F-Act,,F-Act,0.4809802312158847,95.0
PBMC,mnar,F-Act,,F-Act,0.46000557413600895,98.0
PBMC,mcar,F-Act,,F-Act,0.8413351502271857,0.0
PBMC,mcar,F-Act,,F-Act,0.8173076923076923,20.0
PBMC,mcar,F-Act,,F-Act,0.7689745250585447,40.0
PBMC,mcar,F-Act,,F-Act,0.739662860075704,50.0
PBMC,mcar,F-Act,,F-Act,0.7091200601913225,60.0
PBMC,mcar,F-Act,,F-Act,0.7253332864250355,70.0
PBMC,mcar,F-Act,,F-Act,0.6917378917378918,80.0
PBMC,mcar,F-Act,,F-Act,0.6578712865996056,90.0
PBMC,mcar,F-Act,,F-Act,0.6140994585351952,95.0
PBMC,mcar,F-Act,,F-Act,0.572867085887735,98.0
PBMC,mnar,F-Act,,F-Act,0.8557692307692307,0.0
PBMC,mnar,F-Act,,F-Act,0.8413498210408966,20.0
PBMC,mnar,F-Act,,F-Act,0.8509098356718562,40.0
PBMC,mnar,F-Act,,F-Act,0.8509512017285684,50.0
PBMC,mnar,F-Act,,F-Act,0.8365082328674561,60.0
PBMC,mnar,F-Act,,F-Act,0.778231325249674,70.0
PBMC,mnar,F-Act,,F-Act,0.7443477326743442,80.0
PBMC,mnar,F-Act,,F-Act,0.7343804385659589,90.0
PBMC,mnar,F-Act,,F-Act,0.6810419658357802,95.0
PBMC,mnar,F-Act,,F-Act,0.637286709549657,98.0
